api_id,method,endpoint,module,basis,source,status,workbook,success_code,read_tables,mutated_tables,request_fields,response_fields,error_cases,rendered_sheets,size_bytes
001,GET,/api/v1/catalog/overview,01. Public Catalog,SUY DẪN,BD-01,Draft — Needs Confirmation,PLAN_01_Public_Catalog/API_001_GET_catalog_overview.xlsx,CATALOG_OVERVIEW_RETRIEVED,learning_paths|courses,,2,6,5,7,47651
002,GET,/api/v1/catalog/learning-paths,01. Public Catalog,TRỰC TIẾP,SEQ-02,Draft,PLAN_01_Public_Catalog/API_002_GET_catalog_learning_paths.xlsx,CATALOG_LEARNING_PATHS_LISTED,learning_paths|learning_path_courses|learning_path_enrollments,,10,13,7,7,49249
003,GET,/api/v1/catalog/learning-paths/{slug},01. Public Catalog,SUY DẪN,BD-01,Draft — Needs Confirmation,PLAN_01_Public_Catalog/API_003_GET_catalog_learning_paths_by_slug.xlsx,CATALOG_LEARNING_PATHS_SLUG_RETRIEVED,learning_paths|learning_path_courses|learning_path_enrollments,,3,9,8,7,48591
004,GET,/api/v1/catalog/courses,01. Public Catalog,SUY DẪN,BD-01,Draft — Needs Confirmation,PLAN_01_Public_Catalog/API_004_GET_catalog_courses.xlsx,CATALOG_COURSES_RETRIEVED,courses|course_enrollments,,12,12,7,7,48996
005,GET,/api/v1/catalog/courses/{slug},01. Public Catalog,TRỰC TIẾP,SEQ-02,Draft,PLAN_01_Public_Catalog/API_005_GET_catalog_courses_by_slug.xlsx,CATALOG_COURSES_SLUG_RETRIEVED,courses|course_enrollments,,3,10,8,7,48504
006,GET,/api/v1/catalog/sample-lessons/{lesson_id},01. Public Catalog,TRỰC TIẾP,SEQ-02,Draft,PLAN_01_Public_Catalog/API_006_GET_catalog_sample_lessons_by_lesson_id.xlsx,CATALOG_SAMPLE_LESSON_LOADED,lessons|lesson_progress,,2,7,7,7,48014
007,POST,/api/v1/auth/register,"02. Tài khoản, xác thực và hồ sơ",TRỰC TIẾP,SEQ-03,Draft,PLAN_02_Authentication_Core/API_007_POST_auth_register.xlsx,ACCOUNT_REGISTERED_PENDING_VERIFICATION,users|sessions,users|user_profiles|user_consents|verification_requests|outbox_events,8,5,9,12,75359
008,POST,/api/v1/auth/login,"02. Tài khoản, xác thực và hồ sơ",TRỰC TIẾP,SEQ-03,Draft,PLAN_02_Authentication_Core/API_008_POST_auth_login.xlsx,ACCOUNT_LOGIN_SUCCEEDED,users|sessions,sessions,4,8,8,8,54469
009,POST,/api/v1/auth/logout,"02. Tài khoản, xác thực và hồ sơ",SUY DẪN,BD-02,Draft — Needs Confirmation,PLAN_02_Authentication_Core/API_009_POST_auth_logout.xlsx,AUTH_LOGOUT_COMPLETED,users|sessions,sessions,4,2,9,8,54346
010,POST,/api/v1/auth/verification/send,"02. Tài khoản, xác thực và hồ sơ",SUY DẪN,BD-02,Draft — Needs Confirmation,PLAN_02_Authentication_Core/API_010_POST_auth_verification_send.xlsx,AUTH_VERIFICATION_SEND_COMPLETED,users|sessions|verification_requests,verification_requests|outbox_events,5,5,10,9,60161
011,POST,/api/v1/auth/verify-contact,"02. Tài khoản, xác thực và hồ sơ",TRỰC TIẾP,SEQ-03,Draft,PLAN_02_Authentication_Core/API_011_POST_auth_verify_contact.xlsx,ACCOUNT_CONTACT_VERIFIED,users|sessions|verification_requests,verification_requests,5,4,9,8,54769
012,GET,/api/v1/auth/account-status,"02. Tài khoản, xác thực và hồ sơ",SUY DẪN,BD-02,Draft — Needs Confirmation,PLAN_02_Authentication_Core/API_012_GET_auth_account_status.xlsx,AUTH_ACCOUNT_STATUS_RETRIEVED,users|sessions,,2,6,7,7,47871
013,POST,/api/v1/auth/password/forgot,"02. Tài khoản, xác thực và hồ sơ",SUY DẪN,BD-02,Draft — Needs Confirmation,PLAN_02_Authentication_Core/API_013_POST_auth_password_forgot.xlsx,AUTH_PASSWORD_FORGOT_COMPLETED,users|sessions|password_reset_tokens,password_reset_tokens|outbox_events,3,4,9,9,59566
014,POST,/api/v1/auth/password/reset,"02. Tài khoản, xác thực và hồ sơ",SUY DẪN,BD-02,Draft — Needs Confirmation,PLAN_02_Authentication_Core/API_014_POST_auth_password_reset.xlsx,AUTH_PASSWORD_RESET_COMPLETED,users|sessions|password_reset_tokens,password_reset_tokens|outbox_events,5,3,9,9,59605
015,PUT,/api/v1/auth/password,"02. Tài khoản, xác thực và hồ sơ",SUY DẪN,BD-02,Draft — Needs Confirmation,PLAN_02_Authentication_Core/API_015_PUT_auth_password.xlsx,AUTH_PASSWORD_UPDATED,users|sessions|password_reset_tokens,users,6,3,10,8,54588
016,GET,/api/v1/me/profile,"02. Tài khoản, xác thực và hồ sơ",SUY DẪN,BD-02,Draft — Needs Confirmation,PLAN_03_Profile_Contact_Navigation/API_016_GET_me_profile.xlsx,ME_PROFILE_RETRIEVED,user_profiles,,2,5,7,7,47739
017,PATCH,/api/v1/me/profile,"02. Tài khoản, xác thực và hồ sơ",SUY DẪN,BD-02,Draft — Needs Confirmation,PLAN_03_Profile_Contact_Navigation/API_017_PATCH_me_profile.xlsx,ME_PROFILE_UPDATED,user_profiles,user_profiles,11,3,9,8,55109
018,POST,/api/v1/me/contact-change,"02. Tài khoản, xác thực và hồ sơ",SUY DẪN,BD-02,Draft — Needs Confirmation,PLAN_03_Profile_Contact_Navigation/API_018_POST_me_contact_change.xlsx,ME_CONTACT_CHANGE_CREATED,user_profiles,verification_requests|outbox_events,6,4,11,9,60308
019,POST,/api/v1/me/contact-change/confirm,"02. Tài khoản, xác thực và hồ sơ",SUY DẪN,BD-02,Draft — Needs Confirmation,PLAN_03_Profile_Contact_Navigation/API_019_POST_me_contact_change_confirm.xlsx,ME_CONTACT_CHANGE_CONFIRM_COMPLETED,user_profiles,verification_requests|outbox_events,5,3,11,9,60107
020,GET,/api/v1/me/navigation-context,"02. Tài khoản, xác thực và hồ sơ",SUY DẪN,BD-02,Draft — Needs Confirmation,PLAN_03_Profile_Contact_Navigation/API_020_GET_me_navigation_context.xlsx,ME_NAVIGATION_CONTEXT_RETRIEVED,users|onboarding_records|learning_path_enrollments,,2,7,7,7,48162
021,GET,/api/v1/onboarding/config,03. Onboarding,SUY DẪN,BD-03,Draft — Needs Confirmation,PLAN_04_Onboarding/API_021_GET_onboarding_config.xlsx,ONBOARDING_CONFIG_RETRIEVED,onboarding_records|user_profiles,,3,8,7,7,48169
022,GET,/api/v1/onboarding/current,03. Onboarding,TRỰC TIẾP,SEQ-04,Draft,PLAN_04_Onboarding/API_022_GET_onboarding_current.xlsx,ONBOARDING_CURRENT_RETRIEVED,onboarding_records|user_profiles,,2,6,7,7,47992
023,PATCH,/api/v1/onboarding/draft,03. Onboarding,TRỰC TIẾP,SEQ-04,Draft,PLAN_04_Onboarding/API_023_PATCH_onboarding_draft.xlsx,ONBOARDING_DRAFT_SAVED,onboarding_records|user_profiles,onboarding_records,6,6,10,8,54911
024,GET,/api/v1/onboarding/recommended-paths,03. Onboarding,TRỰC TIẾP,SEQ-04,Draft,PLAN_04_Onboarding/API_024_GET_onboarding_recommended_paths.xlsx,ONBOARDING_RECOMMENDED_PATHS_RETRIEVED,onboarding_records|user_profiles,,3,9,7,7,48418
025,PUT,/api/v1/onboarding/selected-path,03. Onboarding,SUY DẪN,BD-03,Draft — Needs Confirmation,PLAN_04_Onboarding/API_025_PUT_onboarding_selected_path.xlsx,ONBOARDING_SELECTED_PATH_UPDATED,onboarding_records|user_profiles,onboarding_records,4,4,10,8,54580
026,GET,/api/v1/onboarding/review,03. Onboarding,SUY DẪN,BD-03,Draft — Needs Confirmation,PLAN_04_Onboarding/API_026_GET_onboarding_review.xlsx,ONBOARDING_REVIEW_RETRIEVED,onboarding_records|user_profiles,,2,8,7,7,47942
027,POST,/api/v1/onboarding/confirm,03. Onboarding,TRỰC TIẾP,SEQ-04,Draft,PLAN_04_Onboarding/API_027_POST_onboarding_confirm.xlsx,ONBOARDING_COMPLETED,onboarding_records|user_profiles,onboarding_records|learning_path_enrollments|course_enrollments|audit_logs,6,5,10,11,70476
028,GET,/api/v1/learning-paths,04. Lộ trình học,SUY DẪN,BD-04,Draft — Needs Confirmation,PLAN_05_Learning_Paths_and_Support_Requests/API_028_GET_learning_paths.xlsx,LEARNING_PATHS_RETRIEVED,learning_paths|learning_path_courses|learning_path_enrollments,,9,5,8,7,48823
029,GET,/api/v1/learning-paths/{path_id},04. Lộ trình học,SUY DẪN,BD-04,Draft — Needs Confirmation,PLAN_05_Learning_Paths_and_Support_Requests/API_029_GET_learning_paths_by_path_id.xlsx,LEARNING_PATHS_RETRIEVED,learning_paths|learning_path_courses|learning_path_enrollments,,3,6,9,7,48381
030,POST,/api/v1/learning-paths/{path_id}/activation-preview,04. Lộ trình học,SUY DẪN,BD-04,Draft — Needs Confirmation,PLAN_05_Learning_Paths_and_Support_Requests/API_030_POST_learning_paths_by_path_id_activation_preview.xlsx,LEARNING_PATHS_ACTIVATION_PREVIEW_CREATED,learning_paths|learning_path_courses|learning_path_enrollments,,3,8,9,7,48591
031,POST,/api/v1/learning-paths/{path_id}/activate,04. Lộ trình học,TRỰC TIẾP,SEQ-05,Draft,PLAN_05_Learning_Paths_and_Support_Requests/API_031_POST_learning_paths_by_path_id_activate.xlsx,LEARNING_PATH_ACTIVATED,learning_paths|learning_path_courses|learning_path_enrollments,learning_path_enrollments|course_enrollments|audit_logs,6,6,11,10,65535
032,GET,/api/v1/me/learning-paths/active,04. Lộ trình học,SUY DẪN,BD-04,Draft — Needs Confirmation,PLAN_05_Learning_Paths_and_Support_Requests/API_032_GET_me_learning_paths_active.xlsx,ME_LEARNING_PATHS_ACTIVE_RETRIEVED,learning_paths|learning_path_courses|learning_path_enrollments,,2,7,7,7,48022
033,GET,/api/v1/me/learning-paths/history,04. Lộ trình học,SUY DẪN,BD-04,Draft — Needs Confirmation,PLAN_05_Learning_Paths_and_Support_Requests/API_033_GET_me_learning_paths_history.xlsx,ME_LEARNING_PATHS_HISTORY_RETRIEVED,learning_paths|learning_path_courses|learning_path_enrollments,,5,7,8,7,48660
034,GET,/api/v1/me/learning-paths/{enrollment_id}/summary,04. Lộ trình học,SUY DẪN,BD-04,Draft — Needs Confirmation,PLAN_05_Learning_Paths_and_Support_Requests/API_034_GET_me_learning_paths_by_enrollment_id_summary.xlsx,ME_LEARNING_PATHS_ENROLLMENT_ID_SUMMARY_RETRIEVED,learning_paths|learning_path_courses|learning_path_enrollments,,3,7,9,7,48541
035,GET,/api/v1/me/learning-paths/next-recommendations,04. Lộ trình học,SUY DẪN,BD-04,Draft — Needs Confirmation,PLAN_05_Learning_Paths_and_Support_Requests/API_035_GET_me_learning_paths_next_recommendations.xlsx,ME_LEARNING_PATHS_NEXT_RECOMMENDATIONS_RETRIEVED,learning_paths|learning_path_courses|learning_path_enrollments,,2,5,7,7,48118
036,POST,/api/v1/support-requests,04. Lộ trình học,TRỰC TIẾP,SEQ-12,Draft,PLAN_05_Learning_Paths_and_Support_Requests/API_036_POST_support_requests.xlsx,SUPPORT_REQUEST_CREATED,support_requests,support_requests,8,4,10,8,55024
037,GET,/api/v1/support-requests,04. Lộ trình học,SUY DẪN,BD-04,Draft — Needs Confirmation,PLAN_05_Learning_Paths_and_Support_Requests/API_037_GET_support_requests.xlsx,SUPPORT_REQUESTS_RETRIEVED,support_requests,,5,7,8,7,48531
038,GET,/api/v1/support-requests/{request_id},04. Lộ trình học,SUY DẪN,BD-04,Draft — Needs Confirmation,PLAN_05_Learning_Paths_and_Support_Requests/API_038_GET_support_requests_by_request_id.xlsx,SUPPORT_REQUESTS_RETRIEVED,support_requests,,3,5,9,7,48281
039,GET,/api/v1/courses/{course_id},"05. Khóa học, chương, bài học và tài nguyên",SUY DẪN,BD-05,Draft — Needs Confirmation,PLAN_06_Courses_Chapters_Lessons_Resources/API_039_GET_courses_by_course_id.xlsx,COURSES_RETRIEVED,courses|course_enrollments,,3,11,9,7,48614
040,GET,/api/v1/courses/{course_id}/curriculum,"05. Khóa học, chương, bài học và tài nguyên",SUY DẪN,BD-05,Draft — Needs Confirmation,PLAN_06_Courses_Chapters_Lessons_Resources/API_040_GET_courses_by_course_id_curriculum.xlsx,COURSES_CURRICULUM_RETRIEVED,courses|course_enrollments,,3,2,9,7,48269
041,GET,/api/v1/chapters/{chapter_id},"05. Khóa học, chương, bài học và tài nguyên",SUY DẪN,BD-05,Draft — Needs Confirmation,PLAN_06_Courses_Chapters_Lessons_Resources/API_041_GET_chapters_by_chapter_id.xlsx,CHAPTERS_RETRIEVED,chapters,,3,6,9,7,48229
042,GET,/api/v1/lessons/{lesson_id}/study,"05. Khóa học, chương, bài học và tài nguyên",TRỰC TIẾP,SEQ-06,Draft,PLAN_06_Courses_Chapters_Lessons_Resources/API_042_GET_lessons_by_lesson_id_study.xlsx,LESSON_STUDY_LOADED,lessons|lesson_progress,,3,13,9,7,48782
043,GET,/api/v1/courses/{course_id}/continue,"05. Khóa học, chương, bài học và tài nguyên",SUY DẪN,BD-05,Draft — Needs Confirmation,PLAN_06_Courses_Chapters_Lessons_Resources/API_043_GET_courses_by_course_id_continue.xlsx,COURSES_CONTINUE_RETRIEVED,courses|course_enrollments,,3,6,9,7,48341
044,GET,/api/v1/lessons/{lesson_id}/resources,"05. Khóa học, chương, bài học và tài nguyên",SUY DẪN,BD-05,Draft — Needs Confirmation,PLAN_06_Courses_Chapters_Lessons_Resources/API_044_GET_lessons_by_lesson_id_resources.xlsx,LESSONS_RESOURCES_RETRIEVED,lessons|lesson_progress|course_materials,,3,8,9,7,48596
045,GET,/api/v1/resources/{resource_id}/access,"05. Khóa học, chương, bài học và tài nguyên",SUY DẪN,BD-05,Draft — Needs Confirmation,PLAN_06_Courses_Chapters_Lessons_Resources/API_045_GET_resources_by_resource_id_access.xlsx,RESOURCES_ACCESS_RETRIEVED,course_materials,,3,6,9,7,48378
046,POST,/api/v1/content-issues,"05. Khóa học, chương, bài học và tài nguyên",SUY DẪN,BD-05,Draft — Needs Confirmation,PLAN_06_Courses_Chapters_Lessons_Resources/API_046_POST_content_issues.xlsx,CONTENT_ISSUES_CREATED,content_issues,content_issues,8,3,10,8,54917
047,GET,/api/v1/me/content-issues,"05. Khóa học, chương, bài học và tài nguyên",SUY DẪN,BD-05,Draft — Needs Confirmation,PLAN_06_Courses_Chapters_Lessons_Resources/API_047_GET_me_content_issues.xlsx,ME_CONTENT_ISSUES_RETRIEVED,content_issues,,5,7,8,7,48555
048,GET,/api/v1/exercises,06. Bài tập và đánh giá,SUY DẪN,BD-06,Draft — Needs Confirmation,PLAN_07_Learner_Exercises_Submissions/API_048_GET_exercises.xlsx,EXERCISES_RETRIEVED,exercises|exercise_submissions,,10,8,8,7,48966
049,GET,/api/v1/exercises/{assignment_id},06. Bài tập và đánh giá,TRỰC TIẾP,SEQ-07,Draft,PLAN_07_Learner_Exercises_Submissions/API_049_GET_exercises_by_assignment_id.xlsx,EXERCISES_RETRIEVED,exercises|exercise_submissions,,3,10,9,7,48594
050,GET,/api/v1/exercises/{assignment_id}/draft,06. Bài tập và đánh giá,SUY DẪN,BD-06,Draft — Needs Confirmation,PLAN_07_Learner_Exercises_Submissions/API_050_GET_exercises_by_assignment_id_draft.xlsx,EXERCISES_DRAFT_RETRIEVED,exercises|exercise_submissions,,3,7,9,7,48401
051,PUT,/api/v1/exercises/{assignment_id}/draft,06. Bài tập và đánh giá,SUY DẪN,BD-06,Draft — Needs Confirmation,PLAN_07_Learner_Exercises_Submissions/API_051_PUT_exercises_by_assignment_id_draft.xlsx,EXERCISES_DRAFT_UPDATED,exercises|exercise_submissions,exercise_submission_drafts,9,4,11,8,55390
052,POST,/api/v1/exercises/{assignment_id}/submissions,06. Bài tập và đánh giá,TRỰC TIẾP,SEQ-07,Draft,PLAN_07_Learner_Exercises_Submissions/API_052_POST_exercises_by_assignment_id_submissions.xlsx,EXERCISE_SUBMISSION_CREATED,exercises|exercise_submissions|exercise_reviews,exercise_submissions,10,6,11,8,55675
053,GET,/api/v1/exercises/{assignment_id}/submissions/latest,06. Bài tập và đánh giá,SUY DẪN,BD-06,Draft — Needs Confirmation,PLAN_07_Learner_Exercises_Submissions/API_053_GET_exercises_by_assignment_id_submissions_latest.xlsx,EXERCISES_SUBMISSIONS_LATEST_RETRIEVED,exercises|exercise_submissions|exercise_reviews,,3,10,9,7,48629
054,GET,/api/v1/exercises/{assignment_id}/submissions,06. Bài tập và đánh giá,SUY DẪN,BD-06,Draft — Needs Confirmation,PLAN_07_Learner_Exercises_Submissions/API_054_GET_exercises_by_assignment_id_submissions.xlsx,EXERCISES_SUBMISSIONS_RETRIEVED,exercises|exercise_submissions|exercise_reviews,,5,7,9,7,48789
055,GET,/api/v1/submissions/{submission_id},06. Bài tập và đánh giá,SUY DẪN,BD-06,Draft — Needs Confirmation,PLAN_07_Learner_Exercises_Submissions/API_055_GET_submissions_by_submission_id.xlsx,SUBMISSIONS_RETRIEVED,exercise_submissions|exercise_reviews,,3,7,9,7,48400
056,POST,/api/v1/exercises/{assignment_id}/resubmissions,06. Bài tập và đánh giá,SUY DẪN,BD-06,Draft — Needs Confirmation,PLAN_07_Learner_Exercises_Submissions/API_056_POST_exercises_by_assignment_id_resubmissions.xlsx,EXERCISES_RESUBMISSIONS_CREATED,exercises|exercise_submissions,exercise_submissions,10,5,11,8,55368
057,GET,/api/v1/admin/exercise-submissions,06. Bài tập và đánh giá,SUY DẪN,BD-06,Draft — Needs Confirmation,PLAN_08_Admin_Exercise_Review/API_057_GET_admin_exercise_submissions.xlsx,ADMIN_EXERCISE_SUBMISSIONS_RETRIEVED,users,,10,4,8,7,48675
058,GET,/api/v1/admin/exercise-submissions/{submission_id},06. Bài tập và đánh giá,SUY DẪN,BD-06,Draft — Needs Confirmation,PLAN_08_Admin_Exercise_Review/API_058_GET_admin_exercise_submissions_by_submission_id.xlsx,ADMIN_EXERCISE_SUBMISSIONS_RETRIEVED,exercise_submissions|exercise_reviews,,3,7,9,7,48386
059,PATCH,/api/v1/admin/exercise-submissions/{submission_id}/review,06. Bài tập và đánh giá,TRỰC TIẾP,SEQ-07,Draft,PLAN_08_Admin_Exercise_Review/API_059_PATCH_admin_exercise_submissions_by_submission_id_review.xlsx,EXERCISE_SUBMISSION_REVIEWED,exercise_submissions|exercise_reviews,exercise_reviews|exercise_submissions|lesson_progress|outbox_events,10,7,12,11,71819
060,POST,/api/v1/admin/exercise-submissions/{submission_id}/reopen,06. Bài tập và đánh giá,SUY DẪN,BD-06,Draft — Needs Confirmation,PLAN_08_Admin_Exercise_Review/API_060_POST_admin_exercise_submissions_by_submission_id_reopen.xlsx,ADMIN_EXERCISE_SUBMISSIONS_REOPEN_COMPLETED,exercise_submissions|exercise_reviews,exercise_submissions|audit_logs|outbox_events,6,5,12,10,65944
061,GET,/api/v1/me/dashboard,07. Tiến độ và hoàn thành,SUY DẪN,BD-07,Draft — Needs Confirmation,PLAN_09_Progress_Completion/API_061_GET_me_dashboard.xlsx,ME_DASHBOARD_RETRIEVED,lesson_progress|course_enrollments|learning_path_enrollments|completion_rules,,2,9,7,7,48183
062,GET,/api/v1/me/continue-learning,07. Tiến độ và hoàn thành,SUY DẪN,BD-07,Draft — Needs Confirmation,PLAN_09_Progress_Completion/API_062_GET_me_continue_learning.xlsx,ME_CONTINUE_LEARNING_RETRIEVED,lesson_progress|course_enrollments|learning_path_enrollments|completion_rules,,2,7,7,7,48125
063,GET,/api/v1/me/progress/learning-paths/{path_id},07. Tiến độ và hoàn thành,SUY DẪN,BD-07,Draft — Needs Confirmation,PLAN_09_Progress_Completion/API_063_GET_me_progress_learning_paths_by_path_id.xlsx,ME_PROGRESS_LEARNING_PATHS_RETRIEVED,learning_paths|learning_path_courses|learning_path_enrollments|lesson_progress|course_enrollments|completion_rules,,3,7,9,7,48623
064,GET,/api/v1/me/progress/courses/{course_id},07. Tiến độ và hoàn thành,SUY DẪN,BD-07,Draft — Needs Confirmation,PLAN_09_Progress_Completion/API_064_GET_me_progress_courses_by_course_id.xlsx,ME_PROGRESS_COURSES_RETRIEVED,courses|course_enrollments|lesson_progress|learning_path_enrollments|completion_rules,,3,7,9,7,48623
065,GET,/api/v1/me/progress/chapters/{chapter_id},07. Tiến độ và hoàn thành,SUY DẪN,BD-07,Draft — Needs Confirmation,PLAN_09_Progress_Completion/API_065_GET_me_progress_chapters_by_chapter_id.xlsx,ME_PROGRESS_CHAPTERS_RETRIEVED,chapters|lesson_progress|course_enrollments|learning_path_enrollments|completion_rules,,3,6,9,7,48465
066,GET,/api/v1/me/progress/lessons/{lesson_id},07. Tiến độ và hoàn thành,SUY DẪN,BD-07,Draft — Needs Confirmation,PLAN_09_Progress_Completion/API_066_GET_me_progress_lessons_by_lesson_id.xlsx,ME_PROGRESS_LESSONS_RETRIEVED,lessons|lesson_progress|course_enrollments|learning_path_enrollments|completion_rules,,3,9,9,7,48640
067,PATCH,/api/v1/lessons/{lesson_id}/progress,07. Tiến độ và hoàn thành,TRỰC TIẾP,SEQ-06,Draft,PLAN_09_Progress_Completion/API_067_PATCH_lessons_by_lesson_id_progress.xlsx,LESSON_PROGRESS_UPDATED,lessons|lesson_progress|course_enrollments|learning_path_enrollments|completion_rules,lesson_progress|course_enrollments|learning_path_enrollments,11,7,11,10,67212
068,GET,/api/v1/me/learning-history,07. Tiến độ và hoàn thành,SUY DẪN,BD-07,Draft — Needs Confirmation,PLAN_09_Progress_Completion/API_068_GET_me_learning_history.xlsx,ME_LEARNING_HISTORY_RETRIEVED,lesson_progress|course_enrollments|learning_path_enrollments|completion_rules,,7,5,8,7,48768
069,GET,/api/v1/me/completion-summaries/{entity_type}/{entity_id},07. Tiến độ và hoàn thành,SUY DẪN,BD-07,Draft — Needs Confirmation,PLAN_09_Progress_Completion/API_069_GET_me_completion_summaries_by_entity_type_by_entity_id.xlsx,ME_COMPLETION_SUMMARIES_ENTITY_TYPE_RETRIEVED,lesson_progress|course_enrollments|learning_path_enrollments|completion_rules,,4,6,9,7,48654
070,GET,/api/v1/community-groups,08. Cộng đồng Zalo,TRỰC TIẾP,SEQ-09,Draft,PLAN_10_Learner_Community/API_070_GET_community_groups.xlsx,COMMUNITY_GROUPS_RETRIEVED,community_groups|community_group_scopes|community_join_events,,7,8,7,7,48629
071,GET,/api/v1/community-groups/{group_id},08. Cộng đồng Zalo,SUY DẪN,BD-08,Draft — Needs Confirmation,PLAN_10_Learner_Community/API_071_GET_community_groups_by_group_id.xlsx,COMMUNITY_GROUPS_RETRIEVED,community_groups|community_group_scopes|community_join_events,,3,5,9,7,48307
072,POST,/api/v1/community-groups/{group_id}/open-link,08. Cộng đồng Zalo,TRỰC TIẾP,SEQ-09,Draft,PLAN_10_Learner_Community/API_072_POST_community_groups_by_group_id_open_link.xlsx,COMMUNITY_LINK_OPENED,community_groups|community_group_scopes|community_join_events,community_join_events|audit_logs,6,4,11,9,60386
073,POST,/api/v1/community-groups/{group_id}/reports,08. Cộng đồng Zalo,TRỰC TIẾP,SEQ-09,Draft,PLAN_10_Learner_Community/API_073_POST_community_groups_by_group_id_reports.xlsx,COMMUNITY_REPORT_CREATED,community_groups|community_group_scopes|community_join_events,community_reports|audit_logs,7,3,11,9,60530
074,GET,/api/v1/me/community-reports,08. Cộng đồng Zalo,SUY DẪN,BD-08,Draft — Needs Confirmation,PLAN_10_Learner_Community/API_074_GET_me_community_reports.xlsx,ME_COMMUNITY_REPORTS_RETRIEVED,community_reports,,5,7,8,7,48496
075,GET,/api/v1/admin/community-groups,08. Cộng đồng Zalo,SUY DẪN,BD-08,Draft — Needs Confirmation,PLAN_11_Admin_Community/API_075_GET_admin_community_groups.xlsx,ADMIN_COMMUNITY_GROUPS_RETRIEVED,community_groups|community_group_scopes|community_join_events,,8,1,8,7,48388
076,POST,/api/v1/admin/community-groups,08. Cộng đồng Zalo,SUY DẪN,BD-08,Draft — Needs Confirmation,PLAN_11_Admin_Community/API_076_POST_admin_community_groups.xlsx,ADMIN_COMMUNITY_GROUPS_CREATED,community_groups|community_group_scopes|community_join_events,community_groups|audit_logs,12,2,10,9,60375
077,GET,/api/v1/admin/community-groups/{group_id},08. Cộng đồng Zalo,SUY DẪN,BD-08,Draft — Needs Confirmation,PLAN_11_Admin_Community/API_077_GET_admin_community_groups_by_group_id.xlsx,ADMIN_COMMUNITY_GROUPS_RETRIEVED,community_groups|community_group_scopes|community_join_events,,3,5,9,7,48304
078,PATCH,/api/v1/admin/community-groups/{group_id},08. Cộng đồng Zalo,TRỰC TIẾP,SEQ-09,Draft,PLAN_11_Admin_Community/API_078_PATCH_admin_community_groups_by_group_id.xlsx,ADMIN_COMMUNITY_GROUPS_UPDATED,community_groups|community_group_scopes|community_join_events,community_groups|audit_logs,6,3,11,9,60556
079,PUT,/api/v1/admin/community-groups/{group_id}/status,08. Cộng đồng Zalo,SUY DẪN,BD-08,Draft — Needs Confirmation,PLAN_11_Admin_Community/API_079_PUT_admin_community_groups_by_group_id_status.xlsx,ADMIN_COMMUNITY_GROUPS_STATUS_UPDATED,community_groups|community_group_scopes|community_join_events,community_groups|audit_logs|outbox_events,6,5,12,10,65966
080,PUT,/api/v1/admin/community-groups/{group_id}/moderators,08. Cộng đồng Zalo,SUY DẪN,BD-08,Draft — Needs Confirmation,PLAN_11_Admin_Community/API_080_PUT_admin_community_groups_by_group_id_moderators.xlsx,ADMIN_COMMUNITY_GROUPS_MODERATORS_UPDATED,community_groups|community_group_scopes|community_join_events,community_groups|audit_logs,6,3,11,9,60372
081,GET,/api/v1/admin/community-reports,08. Cộng đồng Zalo,SUY DẪN,BD-08,Draft — Needs Confirmation,PLAN_11_Admin_Community/API_081_GET_admin_community_reports.xlsx,ADMIN_COMMUNITY_REPORTS_RETRIEVED,community_reports,,7,1,8,7,48274
082,PATCH,/api/v1/admin/community-reports/{report_id},08. Cộng đồng Zalo,SUY DẪN,BD-08,Draft — Needs Confirmation,PLAN_11_Admin_Community/API_082_PATCH_admin_community_reports_by_report_id.xlsx,ADMIN_COMMUNITY_REPORTS_UPDATED,community_reports,community_reports|audit_logs,7,5,11,9,60576
083,GET,/api/v1/notifications,09. Thông báo,TRỰC TIẾP,SEQ-10,Draft,PLAN_12_Notifications/API_083_GET_notifications.xlsx,NOTIFICATIONS_LISTED,notifications,,7,8,8,7,48606
084,GET,/api/v1/notifications/unread-count,09. Thông báo,SUY DẪN,BD-09,Draft — Needs Confirmation,PLAN_12_Notifications/API_084_GET_notifications_unread_count.xlsx,NOTIFICATIONS_UNREAD_COUNT_RETRIEVED,notifications,,2,2,7,7,47548
085,PATCH,/api/v1/notifications/{notification_id}/read,09. Thông báo,TRỰC TIẾP,SEQ-10,Draft,PLAN_12_Notifications/API_085_PATCH_notifications_by_notification_id_read.xlsx,NOTIFICATIONS_READ_UPDATED,notifications,notifications,4,3,11,8,54495
086,POST,/api/v1/notifications/read-all,09. Thông báo,SUY DẪN,BD-09,Draft — Needs Confirmation,PLAN_12_Notifications/API_086_POST_notifications_read_all.xlsx,NOTIFICATIONS_READ_ALL_COMPLETED,notifications,notifications,4,2,9,8,54266
087,DELETE,/api/v1/notifications/{notification_id},09. Thông báo,SUY DẪN,BD-09,Draft — Needs Confirmation,PLAN_12_Notifications/API_087_DELETE_notifications_by_notification_id.xlsx,NOTIFICATIONS_DELETED,notifications,notifications,4,2,11,8,54462
088,GET,/api/v1/notification-settings/me,09. Thông báo,SUY DẪN,BD-09,Draft — Needs Confirmation,PLAN_12_Notifications/API_088_GET_notification_settings_me.xlsx,NOTIFICATION_SETTINGS_ME_RETRIEVED,notification_settings,,2,3,7,7,47723
089,PUT,/api/v1/notification-settings/me,09. Thông báo,TRỰC TIẾP,SEQ-10,Draft,PLAN_12_Notifications/API_089_PUT_notification_settings_me.xlsx,NOTIFICATION_SETTINGS_ME_UPDATED,notification_settings,notification_settings,4,2,10,8,54486
090,POST,/api/v1/admin/notifications/recipient-preview,09. Thông báo,SUY DẪN,BD-09,Draft — Needs Confirmation,PLAN_12_Notifications/API_090_POST_admin_notifications_recipient_preview.xlsx,ADMIN_NOTIFICATIONS_RECIPIENT_PREVIEW_CREATED,notifications|notification_batches|notification_recipients,,4,4,8,7,48177
091,POST,/api/v1/admin/notifications,09. Thông báo,TRỰC TIẾP,SEQ-10,Draft,PLAN_12_Notifications/API_091_POST_admin_notifications.xlsx,ADMIN_NOTIFICATION_CREATED,notifications|notification_batches|notification_recipients,notification_batches|audit_logs|notification_recipients|outbox_events,11,6,11,11,71158
092,GET,/api/v1/admin/notifications,09. Thông báo,SUY DẪN,BD-09,Draft — Needs Confirmation,PLAN_12_Notifications/API_092_GET_admin_notifications.xlsx,ADMIN_NOTIFICATIONS_RETRIEVED,notifications|notification_batches|notification_recipients,,8,4,8,7,48500
093,POST,/api/v1/admin/notifications/{batch_id}/cancel,09. Thông báo,SUY DẪN,BD-09,Draft — Needs Confirmation,PLAN_12_Notifications/API_093_POST_admin_notifications_by_batch_id_cancel.xlsx,ADMIN_NOTIFICATIONS_CANCEL_COMPLETED,notifications|notification_batches|notification_recipients,notification_batches|audit_logs|outbox_events,5,3,12,10,65393
094,GET,/api/v1/admin/learning-paths,10. Admin quản trị nội dung,SUY DẪN,BD-10,Draft — Needs Confirmation,PLAN_13_Admin_Learning_Paths/API_094_GET_admin_learning_paths.xlsx,ADMIN_LEARNING_PATHS_RETRIEVED,learning_paths|learning_path_courses|learning_path_enrollments,,9,4,8,7,48725
095,POST,/api/v1/admin/learning-paths,10. Admin quản trị nội dung,SUY DẪN,BD-10,Draft — Needs Confirmation,PLAN_13_Admin_Learning_Paths/API_095_POST_admin_learning_paths.xlsx,ADMIN_LEARNING_PATHS_CREATED,learning_paths|learning_path_courses|learning_path_enrollments,learning_paths|audit_logs,17,3,10,9,60962
096,GET,/api/v1/admin/learning-paths/{path_id},10. Admin quản trị nội dung,SUY DẪN,BD-10,Draft — Needs Confirmation,PLAN_13_Admin_Learning_Paths/API_096_GET_admin_learning_paths_by_path_id.xlsx,ADMIN_LEARNING_PATHS_RETRIEVED,learning_paths|learning_path_courses|learning_path_enrollments,,3,6,9,7,48351
097,PATCH,/api/v1/admin/learning-paths/{path_id},10. Admin quản trị nội dung,SUY DẪN,BD-10,Draft — Needs Confirmation,PLAN_13_Admin_Learning_Paths/API_097_PATCH_admin_learning_paths_by_path_id.xlsx,ADMIN_LEARNING_PATHS_UPDATED,learning_paths|learning_path_courses|learning_path_enrollments,learning_paths|audit_logs,5,4,11,9,60314
098,PUT,/api/v1/admin/learning-paths/{path_id}/courses,10. Admin quản trị nội dung,SUY DẪN,BD-10,Draft — Needs Confirmation,PLAN_13_Admin_Learning_Paths/API_098_PUT_admin_learning_paths_by_path_id_courses.xlsx,ADMIN_LEARNING_PATHS_COURSES_UPDATED,learning_paths|learning_path_courses|learning_path_enrollments|courses|course_enrollments,learning_path_courses|audit_logs,5,4,11,9,60490
099,GET,/api/v1/admin/learning-paths/{path_id}/impact,10. Admin quản trị nội dung,SUY DẪN,BD-10,Draft — Needs Confirmation,PLAN_13_Admin_Learning_Paths/API_099_GET_admin_learning_paths_by_path_id_impact.xlsx,ADMIN_LEARNING_PATHS_IMPACT_RETRIEVED,learning_paths|learning_path_courses|learning_path_enrollments,,4,5,9,7,48586
100,POST,/api/v1/admin/learning-paths/{path_id}/lifecycle,10. Admin quản trị nội dung,SUY DẪN,BD-10,Draft — Needs Confirmation,PLAN_13_Admin_Learning_Paths/API_100_POST_admin_learning_paths_by_path_id_lifecycle.xlsx,ADMIN_LEARNING_PATHS_LIFECYCLE_COMPLETED,learning_paths|learning_path_courses|learning_path_enrollments,learning_paths|audit_logs|outbox_events,7,5,12,10,66125
101,GET,/api/v1/admin/courses,10. Admin quản trị nội dung,SUY DẪN,BD-10,Draft — Needs Confirmation,PLAN_14_Admin_Courses/API_101_GET_admin_courses.xlsx,ADMIN_COURSES_RETRIEVED,courses|course_enrollments,,8,4,8,7,48476
102,POST,/api/v1/admin/courses,10. Admin quản trị nội dung,SUY DẪN,BD-10,Draft — Needs Confirmation,PLAN_14_Admin_Courses/API_102_POST_admin_courses.xlsx,ADMIN_COURSES_CREATED,courses|course_enrollments,courses|audit_logs,14,2,10,9,60525
103,GET,/api/v1/admin/courses/{course_id},10. Admin quản trị nội dung,SUY DẪN,BD-10,Draft — Needs Confirmation,PLAN_14_Admin_Courses/API_103_GET_admin_courses_by_course_id.xlsx,ADMIN_COURSES_RETRIEVED,courses|course_enrollments,,3,7,9,7,48337
104,PATCH,/api/v1/admin/courses/{course_id},10. Admin quản trị nội dung,SUY DẪN,BD-10,Draft — Needs Confirmation,PLAN_14_Admin_Courses/API_104_PATCH_admin_courses_by_course_id.xlsx,ADMIN_COURSES_UPDATED,courses|course_enrollments,courses|audit_logs,5,4,11,9,60304
105,PUT,/api/v1/admin/courses/{course_id}/paths,10. Admin quản trị nội dung,SUY DẪN,BD-10,Draft — Needs Confirmation,PLAN_14_Admin_Courses/API_105_PUT_admin_courses_by_course_id_paths.xlsx,ADMIN_COURSES_PATHS_UPDATED,courses|course_enrollments,learning_path_courses|audit_logs,5,3,11,9,60271
106,PUT,/api/v1/admin/courses/{course_id}/chapters/order,10. Admin quản trị nội dung,SUY DẪN,BD-10,Draft — Needs Confirmation,PLAN_14_Admin_Courses/API_106_PUT_admin_courses_by_course_id_chapters_order.xlsx,ADMIN_COURSES_CHAPTERS_ORDER_UPDATED,courses|course_enrollments|chapters,chapters|audit_logs,5,3,11,9,60236
107,GET,/api/v1/admin/courses/{course_id}/impact,10. Admin quản trị nội dung,SUY DẪN,BD-10,Draft — Needs Confirmation,PLAN_14_Admin_Courses/API_107_GET_admin_courses_by_course_id_impact.xlsx,ADMIN_COURSES_IMPACT_RETRIEVED,courses|course_enrollments,,3,5,9,7,48362
108,POST,/api/v1/admin/courses/{course_id}/lifecycle,10. Admin quản trị nội dung,SUY DẪN,BD-10,Draft — Needs Confirmation,PLAN_14_Admin_Courses/API_108_POST_admin_courses_by_course_id_lifecycle.xlsx,ADMIN_COURSES_LIFECYCLE_COMPLETED,courses|course_enrollments,courses|audit_logs|outbox_events,7,5,12,10,65817
109,POST,/api/v1/admin/courses/{course_id}/chapters,10. Admin quản trị nội dung,SUY DẪN,BD-10,Draft — Needs Confirmation,PLAN_15_Admin_Chapters_Lessons/API_109_POST_admin_courses_by_course_id_chapters.xlsx,ADMIN_COURSES_CHAPTERS_CREATED,courses|course_enrollments|chapters,courses|audit_logs,10,2,11,9,60509
110,PATCH,/api/v1/admin/chapters/{chapter_id},10. Admin quản trị nội dung,SUY DẪN,BD-10,Draft — Needs Confirmation,PLAN_15_Admin_Chapters_Lessons/API_110_PATCH_admin_chapters_by_chapter_id.xlsx,ADMIN_CHAPTERS_UPDATED,chapters,chapters|audit_logs,6,3,11,9,60401
111,DELETE,/api/v1/admin/chapters/{chapter_id},10. Admin quản trị nội dung,SUY DẪN,BD-10,Draft — Needs Confirmation,PLAN_15_Admin_Chapters_Lessons/API_111_DELETE_admin_chapters_by_chapter_id.xlsx,ADMIN_CHAPTERS_DELETED,chapters,chapters|audit_logs,5,3,11,9,60330
112,PUT,/api/v1/admin/chapters/{chapter_id}/items/order,10. Admin quản trị nội dung,SUY DẪN,BD-10,Draft — Needs Confirmation,PLAN_15_Admin_Chapters_Lessons/API_112_PUT_admin_chapters_by_chapter_id_items_order.xlsx,ADMIN_CHAPTERS_ITEMS_ORDER_UPDATED,chapters,content_items|audit_logs,5,3,11,9,60222
113,POST,/api/v1/admin/chapters/{chapter_id}/lessons,10. Admin quản trị nội dung,SUY DẪN,BD-10,Draft — Needs Confirmation,PLAN_15_Admin_Chapters_Lessons/API_113_POST_admin_chapters_by_chapter_id_lessons.xlsx,ADMIN_CHAPTERS_LESSONS_CREATED,chapters|lessons|lesson_progress,chapters|audit_logs,12,2,11,9,60720
114,PATCH,/api/v1/admin/lessons/{lesson_id},10. Admin quản trị nội dung,SUY DẪN,BD-10,Draft — Needs Confirmation,PLAN_15_Admin_Chapters_Lessons/API_114_PATCH_admin_lessons_by_lesson_id.xlsx,ADMIN_LESSONS_UPDATED,lessons|lesson_progress,lessons|audit_logs,5,4,11,9,60347
115,DELETE,/api/v1/admin/lessons/{lesson_id},10. Admin quản trị nội dung,SUY DẪN,BD-10,Draft — Needs Confirmation,PLAN_15_Admin_Chapters_Lessons/API_115_DELETE_admin_lessons_by_lesson_id.xlsx,ADMIN_LESSONS_DELETED,lessons|lesson_progress,lessons|audit_logs,5,3,11,9,60330
116,PUT,/api/v1/admin/lessons/{lesson_id}/preview,10. Admin quản trị nội dung,SUY DẪN,BD-10,Draft — Needs Confirmation,PLAN_15_Admin_Chapters_Lessons/API_116_PUT_admin_lessons_by_lesson_id_preview.xlsx,ADMIN_LESSONS_PREVIEW_UPDATED,lessons|lesson_progress,lessons|audit_logs,7,3,11,9,60400
117,POST,/api/v1/admin/lessons/{lesson_id}/lifecycle,10. Admin quản trị nội dung,SUY DẪN,BD-10,Draft — Needs Confirmation,PLAN_15_Admin_Chapters_Lessons/API_117_POST_admin_lessons_by_lesson_id_lifecycle.xlsx,ADMIN_LESSONS_LIFECYCLE_COMPLETED,lessons|lesson_progress,lessons|audit_logs|outbox_events,6,4,12,10,65583
118,POST,/api/v1/admin/resources,10. Admin quản trị nội dung,SUY DẪN,BD-10,Draft — Needs Confirmation,PLAN_16_Admin_Resources_Exercises_Publishing/API_118_POST_admin_resources.xlsx,ADMIN_RESOURCES_CREATED,course_materials,course_materials|audit_logs,13,2,10,9,60590
119,PATCH,/api/v1/admin/resources/{resource_id},10. Admin quản trị nội dung,SUY DẪN,BD-10,Draft — Needs Confirmation,PLAN_16_Admin_Resources_Exercises_Publishing/API_119_PATCH_admin_resources_by_resource_id.xlsx,ADMIN_RESOURCES_UPDATED,course_materials,course_materials|audit_logs,6,3,11,9,60442
120,DELETE,/api/v1/admin/resources/{resource_id},10. Admin quản trị nội dung,SUY DẪN,BD-10,Draft — Needs Confirmation,PLAN_16_Admin_Resources_Exercises_Publishing/API_120_DELETE_admin_resources_by_resource_id.xlsx,ADMIN_RESOURCES_DELETED,course_materials,course_materials|audit_logs,5,3,11,9,60241
121,GET,/api/v1/admin/exercises,10. Admin quản trị nội dung,SUY DẪN,BD-10,Draft — Needs Confirmation,PLAN_16_Admin_Resources_Exercises_Publishing/API_121_GET_admin_exercises.xlsx,ADMIN_EXERCISES_RETRIEVED,exercises|exercise_submissions,,10,1,8,7,48513
122,POST,/api/v1/admin/exercises,10. Admin quản trị nội dung,SUY DẪN,BD-10,Draft — Needs Confirmation,PLAN_16_Admin_Resources_Exercises_Publishing/API_122_POST_admin_exercises.xlsx,ADMIN_EXERCISES_CREATED,exercises|exercise_submissions,exercises|audit_logs,19,3,10,9,61058
123,GET,/api/v1/admin/exercises/{assignment_id},10. Admin quản trị nội dung,SUY DẪN,BD-10,Draft — Needs Confirmation,PLAN_16_Admin_Resources_Exercises_Publishing/API_123_GET_admin_exercises_by_assignment_id.xlsx,ADMIN_EXERCISES_RETRIEVED,exercises|exercise_submissions,,3,5,9,7,48316
124,PATCH,/api/v1/admin/exercises/{assignment_id},10. Admin quản trị nội dung,SUY DẪN,BD-10,Draft — Needs Confirmation,PLAN_16_Admin_Resources_Exercises_Publishing/API_124_PATCH_admin_exercises_by_assignment_id.xlsx,ADMIN_EXERCISES_UPDATED,exercises|exercise_submissions,exercises|audit_logs,5,3,11,9,60266
125,DELETE,/api/v1/admin/exercises/{assignment_id},10. Admin quản trị nội dung,SUY DẪN,BD-10,Draft — Needs Confirmation,PLAN_16_Admin_Resources_Exercises_Publishing/API_125_DELETE_admin_exercises_by_assignment_id.xlsx,ADMIN_EXERCISES_DELETED,exercises|exercise_submissions,exercises|audit_logs,5,3,11,9,60295
126,POST,/api/v1/admin/content/{content_type}/{content_id}/pre-publish-check,10. Admin quản trị nội dung,TRỰC TIẾP,SEQ-11,Draft,PLAN_16_Admin_Resources_Exercises_Publishing/API_126_POST_admin_content_by_content_type_by_content_id_pre_publish_check.xlsx,CONTENT_PRE_PUBLISH_CHECK_COMPLETED,content_publications,,4,3,9,7,48523
127,POST,/api/v1/admin/content/{content_type}/{content_id}/publish,10. Admin quản trị nội dung,TRỰC TIẾP,SEQ-11,Draft,PLAN_16_Admin_Resources_Exercises_Publishing/API_127_POST_admin_content_by_content_type_by_content_id_publish.xlsx,CONTENT_PUBLISHED,content_publications,content_publications|audit_logs|outbox_events,9,5,12,10,66393
128,GET,/api/v1/admin/learners,11. Admin quản lý học viên và hỗ trợ ngoại lệ,SUY DẪN,BD-11,Draft — Needs Confirmation,PLAN_17_Admin_Learner_Lookup_Support/API_128_GET_admin_learners.xlsx,ADMIN_LEARNERS_RETRIEVED,users|user_profiles,,12,6,8,7,48950
129,GET,/api/v1/admin/learners/{learner_id}/support-profile,11. Admin quản lý học viên và hỗ trợ ngoại lệ,TRỰC TIẾP,SEQ-12,Draft,PLAN_17_Admin_Learner_Lookup_Support/API_129_GET_admin_learners_by_learner_id_support_profile.xlsx,ADMIN_LEARNERS_SUPPORT_PROFILE_RETRIEVED,users|user_profiles,,3,9,9,7,48603
130,GET,/api/v1/admin/learners/{learner_id}/progress,11. Admin quản lý học viên và hỗ trợ ngoại lệ,SUY DẪN,BD-11,Draft — Needs Confirmation,PLAN_17_Admin_Learner_Lookup_Support/API_130_GET_admin_learners_by_learner_id_progress.xlsx,ADMIN_LEARNERS_PROGRESS_RETRIEVED,lesson_progress|course_enrollments|learning_path_enrollments|completion_rules|users|user_profiles,,3,6,9,7,48695
131,GET,/api/v1/admin/support-requests,11. Admin quản lý học viên và hỗ trợ ngoại lệ,SUY DẪN,BD-11,Draft — Needs Confirmation,PLAN_17_Admin_Learner_Lookup_Support/API_131_GET_admin_support_requests.xlsx,ADMIN_SUPPORT_REQUESTS_RETRIEVED,support_requests,,10,7,8,7,49020
132,GET,/api/v1/admin/support-requests/{request_id},11. Admin quản lý học viên và hỗ trợ ngoại lệ,SUY DẪN,BD-11,Draft — Needs Confirmation,PLAN_17_Admin_Learner_Lookup_Support/API_132_GET_admin_support_requests_by_request_id.xlsx,ADMIN_SUPPORT_REQUESTS_RETRIEVED,support_requests,,3,6,9,7,48418
133,POST,/api/v1/admin/support-requests/{request_id}/resolve,11. Admin quản lý học viên và hỗ trợ ngoại lệ,TRỰC TIẾP,SEQ-12,Draft,PLAN_17_Admin_Learner_Lookup_Support/API_133_POST_admin_support_requests_by_request_id_resolve.xlsx,SUPPORT_REQUEST_RESOLVED,support_requests,support_requests|audit_logs|outbox_events,9,4,12,10,66151
134,POST,/api/v1/admin/learners/{learner_id}/progress-reset,11. Admin quản lý học viên và hỗ trợ ngoại lệ,SUY DẪN,BD-11,Draft — Needs Confirmation,PLAN_18_Admin_Learner_Exceptional_Actions/API_134_POST_admin_learners_by_learner_id_progress_reset.xlsx,ADMIN_LEARNERS_PROGRESS_RESET_COMPLETED,lesson_progress|course_enrollments|learning_path_enrollments|completion_rules|users|user_profiles,lesson_progress|audit_logs|course_enrollments|learning_path_enrollments|outbox_events,8,5,12,12,76578
135,POST,/api/v1/admin/learners/{learner_id}/active-path/cancel,11. Admin quản lý học viên và hỗ trợ ngoại lệ,SUY DẪN,BD-11,Draft — Needs Confirmation,PLAN_18_Admin_Learner_Exceptional_Actions/API_135_POST_admin_learners_by_learner_id_active_path_cancel.xlsx,ADMIN_LEARNERS_ACTIVE_PATH_CANCEL_COMPLETED,users|user_profiles,learning_path_enrollments|audit_logs|outbox_events,7,5,12,10,65955
136,POST,/api/v1/admin/learners/{learner_id}/active-path/transfer,11. Admin quản lý học viên và hỗ trợ ngoại lệ,SUY DẪN,BD-11,Draft — Needs Confirmation,PLAN_18_Admin_Learner_Exceptional_Actions/API_136_POST_admin_learners_by_learner_id_active_path_transfer.xlsx,ADMIN_LEARNERS_ACTIVE_PATH_TRANSFER_COMPLETED,users|user_profiles,learning_path_enrollments|audit_logs|course_enrollments|lesson_progress|outbox_events,8,5,12,12,76720
137,POST,/api/v1/admin/learners/{learner_id}/suspend,11. Admin quản lý học viên và hỗ trợ ngoại lệ,SUY DẪN,BD-11,Draft — Needs Confirmation,PLAN_18_Admin_Learner_Exceptional_Actions/API_137_POST_admin_learners_by_learner_id_suspend.xlsx,ADMIN_LEARNERS_SUSPEND_COMPLETED,users|user_profiles,users|audit_logs|outbox_events,7,6,12,10,65763
138,POST,/api/v1/admin/learners/{learner_id}/unsuspend,11. Admin quản lý học viên và hỗ trợ ngoại lệ,SUY DẪN,BD-11,Draft — Needs Confirmation,PLAN_18_Admin_Learner_Exceptional_Actions/API_138_POST_admin_learners_by_learner_id_unsuspend.xlsx,ADMIN_LEARNERS_UNSUSPEND_COMPLETED,users|user_profiles,users|audit_logs|outbox_events,5,5,12,10,65406
139,GET,/api/v1/admin/learners/{learner_id}/support-notes,11. Admin quản lý học viên và hỗ trợ ngoại lệ,SUY DẪN,BD-11,Draft — Needs Confirmation,PLAN_18_Admin_Learner_Exceptional_Actions/API_139_GET_admin_learners_by_learner_id_support_notes.xlsx,ADMIN_LEARNERS_SUPPORT_NOTES_RETRIEVED,users|user_profiles|support_notes,,5,5,9,7,48812
140,POST,/api/v1/admin/learners/{learner_id}/support-notes,11. Admin quản lý học viên và hỗ trợ ngoại lệ,SUY DẪN,BD-11,Draft — Needs Confirmation,PLAN_18_Admin_Learner_Exceptional_Actions/API_140_POST_admin_learners_by_learner_id_support_notes.xlsx,ADMIN_LEARNERS_SUPPORT_NOTES_CREATED,users|user_profiles|support_notes,support_notes|audit_logs|outbox_events,7,2,12,10,65637
141,GET,/api/v1/admin/learners/{learner_id}/audit,11. Admin quản lý học viên và hỗ trợ ngoại lệ,SUY DẪN,BD-11,Draft — Needs Confirmation,PLAN_18_Admin_Learner_Exceptional_Actions/API_141_GET_admin_learners_by_learner_id_audit.xlsx,ADMIN_LEARNERS_AUDIT_RETRIEVED,users|user_profiles|audit_logs,,8,1,9,7,48708
142,GET,/api/v1/admin/reports/overview,12. Báo cáo vận hành,TRỰC TIẾP,SEQ-13,Draft,PLAN_19_Operational_Reports/API_142_GET_admin_reports_overview.xlsx,ADMIN_REPORT_OVERVIEW_LOADED,users|onboarding_records|learning_path_enrollments|course_enrollments|exercise_submissions,,11,11,8,7,49252
143,GET,/api/v1/admin/reports/registrations,12. Báo cáo vận hành,SUY DẪN,BD-12,Draft — Needs Confirmation,PLAN_19_Operational_Reports/API_143_GET_admin_reports_registrations.xlsx,ADMIN_REPORTS_REGISTRATIONS_RETRIEVED,users|verification_requests,,5,5,8,7,48297
144,GET,/api/v1/admin/reports/onboarding,12. Báo cáo vận hành,SUY DẪN,BD-12,Draft — Needs Confirmation,PLAN_19_Operational_Reports/API_144_GET_admin_reports_onboarding.xlsx,ADMIN_REPORTS_ONBOARDING_RETRIEVED,onboarding_records|users|user_profiles,,11,6,8,7,48784
145,GET,/api/v1/admin/reports/learning-paths,12. Báo cáo vận hành,SUY DẪN,BD-12,Draft — Needs Confirmation,PLAN_19_Operational_Reports/API_145_GET_admin_reports_learning_paths.xlsx,ADMIN_REPORTS_LEARNING_PATHS_RETRIEVED,learning_path_enrollments|learning_paths|learning_path_courses,,11,8,8,7,49007
146,GET,/api/v1/admin/reports/courses,12. Báo cáo vận hành,SUY DẪN,BD-12,Draft — Needs Confirmation,PLAN_19_Operational_Reports/API_146_GET_admin_reports_courses.xlsx,ADMIN_REPORTS_COURSES_RETRIEVED,course_enrollments|courses|lesson_progress,,11,7,8,7,49006
147,GET,/api/v1/admin/reports/assignments,12. Báo cáo vận hành,SUY DẪN,BD-12,Draft — Needs Confirmation,PLAN_19_Operational_Reports/API_147_GET_admin_reports_assignments.xlsx,ADMIN_REPORTS_ASSIGNMENTS_RETRIEVED,exercise_submissions|exercises,,11,8,8,7,48884
148,GET,/api/v1/admin/reports/community,12. Báo cáo vận hành,SUY DẪN,BD-12,Draft — Needs Confirmation,PLAN_19_Operational_Reports/API_148_GET_admin_reports_community.xlsx,ADMIN_REPORTS_COMMUNITY_RETRIEVED,community_join_events|community_reports|community_groups,,11,7,8,7,48870
149,GET,/api/v1/admin/reports/alerts,12. Báo cáo vận hành,TRỰC TIẾP,SEQ-13,Draft,PLAN_19_Operational_Reports/API_149_GET_admin_reports_alerts.xlsx,ADMIN_OPERATION_ALERTS_LOADED,operational_alerts|metric_snapshots,,9,10,8,7,49052
150,GET,/api/v1/admin/rbac/roles,"13. Vai trò, phân quyền và audit",SUY DẪN,BD-13,Draft — Needs Confirmation,PLAN_20_RBAC_Audit/API_150_GET_admin_rbac_roles.xlsx,ADMIN_RBAC_ROLES_RETRIEVED,roles|role_permissions|user_roles,,2,5,7,7,47881
151,GET,/api/v1/admin/rbac/permissions,"13. Vai trò, phân quyền và audit",SUY DẪN,BD-13,Draft — Needs Confirmation,PLAN_20_RBAC_Audit/API_151_GET_admin_rbac_permissions.xlsx,ADMIN_RBAC_PERMISSIONS_RETRIEVED,permissions,,3,5,7,7,48066
152,GET,/api/v1/admin/rbac/matrix,"13. Vai trò, phân quyền và audit",SUY DẪN,BD-13,Draft — Needs Confirmation,PLAN_20_RBAC_Audit/API_152_GET_admin_rbac_matrix.xlsx,ADMIN_RBAC_MATRIX_RETRIEVED,roles|permissions|role_permissions,,2,3,7,7,47720
153,GET,/api/v1/admin/users/{user_id}/roles,"13. Vai trò, phân quyền và audit",SUY DẪN,BD-13,Draft — Needs Confirmation,PLAN_20_RBAC_Audit/API_153_GET_admin_users_by_user_id_roles.xlsx,ADMIN_USERS_ROLES_RETRIEVED,user_roles|roles,,3,3,9,7,48093
154,POST,/api/v1/admin/users/{user_id}/roles,"13. Vai trò, phân quyền và audit",SUY DẪN,BD-13,Draft — Needs Confirmation,PLAN_20_RBAC_Audit/API_154_POST_admin_users_by_user_id_roles.xlsx,ADMIN_USERS_ROLES_CREATED,user_roles|roles,user_roles|audit_logs,7,3,11,9,60351
155,DELETE,/api/v1/admin/users/{user_id}/roles/{role_code},"13. Vai trò, phân quyền và audit",SUY DẪN,BD-13,Draft — Needs Confirmation,PLAN_20_RBAC_Audit/API_155_DELETE_admin_users_by_user_id_roles_by_role_code.xlsx,ADMIN_USERS_ROLES_ROLE_CODE_DELETED,user_roles|roles,user_roles|audit_logs,6,3,11,9,60257
156,GET,/api/v1/admin/audit-logs,"13. Vai trò, phân quyền và audit",TRỰC TIẾP,SEQ-14,Draft,PLAN_20_RBAC_Audit/API_156_GET_admin_audit_logs.xlsx,AUDIT_LOGS_LISTED,audit_logs,,13,10,8,7,49101
157,GET,/api/v1/admin/audit-logs/{audit_id},"13. Vai trò, phân quyền và audit",SUY DẪN,BD-13,Draft — Needs Confirmation,PLAN_20_RBAC_Audit/API_157_GET_admin_audit_logs_by_audit_id.xlsx,ADMIN_AUDIT_LOGS_RETRIEVED,audit_logs,,3,10,9,7,48439
